Chrom	SNP	Position	Start	End	Allele1	Allele2	Result
1	rs3131972	817341	719037	915645	G	A	0.23809814
1	rs3131969	818802	720498	917106	G	A	0.923996
1	rs3131967	818954	720650	917258	C	T	0.05229187
1	rs1048488	825532	727228	923836	T	C	0.4844284
1	rs12562034	833068	734764	931372	A	G	-0.2299118
1	rs12124819	841166	742862	939470	G	A	0.43408966
1	rs4040617	843942	745638	942246	G	A	0.2836914
1	rs2905036	857100	758796	955404	T	C	0.08191681
1	rs4970383	903175	804871	1001479	A	C	0.019477844
1	rs4475691	911428	813124	1009732	T	C	0.8847313
